                  epoch,         train/box_loss,         train/cls_loss,         train/dfl_loss,   metrics/precision(B),      metrics/recall(B),       metrics/mAP50(B),    metrics/mAP50-95(B),           val/box_loss,           val/cls_loss,           val/dfl_loss,                 lr/pg0,                 lr/pg1,                 lr/pg2
                      1,                  2.092,                 2.9131,                 1.2787,                0.40806,                0.16858,                0.09766,                0.05269,                 2.0543,                 2.1378,                 1.1147,             0.00019316,             0.00019316,             0.00019316
                      2,                 1.9654,                 1.9288,                 1.1174,                0.37153,                0.16735,                0.17216,                0.10008,                 1.9539,                 1.9081,                 1.0828,             0.00031211,             0.00031211,             0.00031211
                      3,                 1.9653,                  1.752,                 1.0769,                0.62836,                0.23585,                0.24301,                0.14826,                 1.9038,                 1.6269,                 1.0606,             0.00035344,             0.00035344,             0.00035344
                      4,                  1.893,                  1.633,                  1.063,                0.62369,                0.26032,                0.28344,                0.17016,                 1.8623,                 1.5265,                 1.0367,             0.00023873,             0.00023873,             0.00023873
                      5,                 1.8334,                 1.5267,                 1.0353,                0.55808,                0.31099,                0.31489,                0.19321,                 1.8187,                 1.4281,                 1.0225,              0.0001223,              0.0001223,              0.0001223
